Workbook

Sheet Cases
A1: formula | B1: result
A2: =DATE(2024,2,29) | B2: {=DATE(2024,2,29)} -> 45351
A3: =DATE(2023,2,29) | B3: {=DATE(2023,2,29)} -> 44986
A4: =DATE(2024,13,1) | B4: {=DATE(2024,13,1)} -> 45658
A5: =DATE(1900,2,29) | B5: {=DATE(1900,2,29)} -> 60
A6: =DATE(99,1,1) | B6: {=DATE(99,1,1)} -> 36161
A7: =YEAR(Data!G1) | B7: {=YEAR(Data!G1)} -> 1900
A8: =MONTH(Data!G2) | B8: {=MONTH(Data!G2)} -> 3
A9: =DAY(60) | B9: {=DAY(60)} -> 29
A10: =WEEKDAY(Data!G3) | B10: {=WEEKDAY(Data!G3)} -> 5
A11: =WEEKDAY(Data!G3,2) | B11: {=WEEKDAY(Data!G3,2)} -> 4
A12: =WEEKNUM(Data!G4) | B12: {=WEEKNUM(Data!G4)} -> 53
A13: =ISOWEEKNUM(Data!G4) | B13: {=_xlfn.ISOWEEKNUM(Data!G4)} -> 1
A14: =EOMONTH(Data!G3,1) | B14: {=EOMONTH(Data!G3,1)} -> 45382
A15: =EDATE(DATE(2024,1,31),1) | B15: {=EDATE(DATE(2024,1,31),1)} -> 45351
A16: =DATEDIF(DATE(2020,2,29),DATE(2024,2,28),"Y") | B16: {=DATEDIF(DATE(2020,2,29),DATE(2024,2,28),"Y")} -> 3
A17: =DATEDIF(DATE(2020,1,31),DATE(2020,3,1),"MD") | B17: {=DATEDIF(DATE(2020,1,31),DATE(2020,3,1),"MD")} -> -1
A18: =DAYS(Data!G4,Data!G3) | B18: {=_xlfn.DAYS(Data!G4,Data!G3)} -> 306
A19: =DAYS360(DATE(2024,1,31),DATE(2024,3,31)) | B19: {=DAYS360(DATE(2024,1,31),DATE(2024,3,31))} -> 60
A20: =NETWORKDAYS(DATE(2024,1,1),DATE(2024,1,31)) | B20: {=NETWORKDAYS(DATE(2024,1,1),DATE(2024,1,31))} -> 23
A21: =WORKDAY(DATE(2024,1,5),1) | B21: {=WORKDAY(DATE(2024,1,5),1)} -> 45299
A22: =YEARFRAC(DATE(2024,1,1),DATE(2024,7,1),1) | B22: {=YEARFRAC(DATE(2024,1,1),DATE(2024,7,1),1)} -> 0.49726776
A23: =DATEVALUE("2024-02-29") | B23: {=DATEVALUE("2024-02-29")} -> 45351
A24: =TIMEVALUE("6:30 PM") | B24: {=TIMEVALUE("6:30 PM")} -> 0.77083333
A25: =TIME(25,0,0) | B25: {=TIME(25,0,0)} -> 0.041666667
A26: =HOUR(0.75) | B26: {=HOUR(0.75)} -> 18
A27: =MINUTE(0.7604166) | B27: {=MINUTE(0.7604166)} -> 15
A28: =SECOND(TIME(0,0,59.5)) | B28: {=SECOND(TIME(0,0,59.5))} -> 59

Sheet Data
A1: 1 | B1: 5 | C1: apple | D1: 10 | E1: 1 | F1: one | G1: 59 | H1: 2.5
A2: 2 | B2: abc | C2: Banana | D2: 20 | E2: 3 | F2: three | G2: 61 | H2: 3.1
A3: 3 | B3: TRUE | C3: cherry | D3: 30 | E3: 5 | F3: five | G3: 45351 | H3: 4.7
A4: 4 | C4: apple | D4: 40 | E4: 7 | F4: seven | G4: 45657 | H4: 1.2
A5: 5 | B5: =NA() -> #N/A | C5: date | D5: 50 | E5: 9 | F5: nine | H5: 9.9
A6: 6 | B6: 45000 | H6: 3.3
A7: 7 | B7: 12 | H7: 7.4
A8: 8 | B8: 0 | H8: 5.5
A9: 9 | B9: -3.5
A10: 10 | B10: =""
