Workbook

Sheet Cases
A1: formula | B1: result
A2: =IF(TRUE,1,2) | B2: {=IF(TRUE,1,2)} -> 1
A3: =IF(0,"yes","no") | B3: {=IF(0,"yes","no")} -> no
A4: =IF("TRUE",1,2) | B4: {=IF("TRUE",1,2)} -> 1
A5: =IF(Data!B4,1,2) | B5: {=IF(Data!B4,1,2)} -> 2
A6: =AND(TRUE,1,"x") | B6: {=AND(TRUE,1,"x")} -> TRUE
A7: =AND(Data!B1:B3) | B7: {=AND(Data!B1:B3)} -> TRUE
A8: =OR(FALSE,0) | B8: {=OR(FALSE,0)} -> FALSE
A9: =XOR(TRUE,TRUE,TRUE) | B9: {=_xlfn.XOR(TRUE,TRUE,TRUE)} -> TRUE
A10: =NOT(0) | B10: {=NOT(0)} -> TRUE
A11: =IFERROR(1/0,"div") | B11: {=IFERROR(1/0,"div")} -> div
A12: =IFERROR(Data!B5,"na") | B12: {=IFERROR(Data!B5,"na")} -> na
A13: =IFNA(Data!B5,"na") | B13: {=_xlfn.IFNA(Data!B5,"na")} -> na
A14: =IFS(FALSE,1,TRUE,2) | B14: {=_xlfn.IFS(FALSE,1,TRUE,2)} -> 2
A15: =IFS(FALSE,1) | B15: {=_xlfn.IFS(FALSE,1)} -> #N/A
A16: =SWITCH(2,1,"a",2,"b","other") | B16: {=_xlfn.SWITCH(2,1,"a",2,"b","other")} -> b
A17: =SWITCH(9,1,"a") | B17: {=_xlfn.SWITCH(9,1,"a")} -> #N/A
A18: =TRUE+TRUE | B18: {=TRUE+TRUE} -> 2
A19: =TRUE=1 | B19: {=TRUE=1} -> FALSE
A20: ="a"="A" | B20: {="a"="A"} -> TRUE
A21: ="a"<"B" | B21: {="a"<"B"} -> TRUE
A22: =1<"1" | B22: {=1<"1"} -> TRUE
A23: =Data!B4=0 | B23: {=Data!B4=0} -> TRUE
A24: =Data!B4="" | B24: {=Data!B4=""} -> TRUE

Sheet Data
A1: 1 | B1: 5 | C1: apple | D1: 10 | E1: 1 | F1: one | G1: 59 | H1: 2.5
A2: 2 | B2: abc | C2: Banana | D2: 20 | E2: 3 | F2: three | G2: 61 | H2: 3.1
A3: 3 | B3: TRUE | C3: cherry | D3: 30 | E3: 5 | F3: five | G3: 45351 | H3: 4.7
A4: 4 | C4: apple | D4: 40 | E4: 7 | F4: seven | G4: 45657 | H4: 1.2
A5: 5 | B5: =NA() -> #N/A | C5: date | D5: 50 | E5: 9 | F5: nine | H5: 9.9
A6: 6 | B6: 45000 | H6: 3.3
A7: 7 | B7: 12 | H7: 7.4
A8: 8 | B8: 0 | H8: 5.5
A9: 9 | B9: -3.5
A10: 10 | B10: =""
