Workbook

Sheet Cases
A1: formula | B1: result
A2: =VLOOKUP("apple",Data!C1:D5,2,FALSE) | B2: {=VLOOKUP("apple",Data!C1:D5,2,FALSE)} -> 10
A3: =VLOOKUP("APPLE",Data!C1:D5,2,FALSE) | B3: {=VLOOKUP("APPLE",Data!C1:D5,2,FALSE)} -> 10
A4: =VLOOKUP("zzz",Data!C1:D5,2,FALSE) | B4: {=VLOOKUP("zzz",Data!C1:D5,2,FALSE)} -> #N/A
A5: =VLOOKUP(6,Data!E1:F5,2,TRUE) | B5: {=VLOOKUP(6,Data!E1:F5,2,TRUE)} -> five
A6: =VLOOKUP(0,Data!E1:F5,2) | B6: {=VLOOKUP(0,Data!E1:F5,2)} -> #N/A
A7: =HLOOKUP(3,Data!A1:A10,1,FALSE) | B7: {=HLOOKUP(3,Data!A1:A10,1,FALSE)} -> #N/A
A8: =INDEX(Data!C1:D5,3,2) | B8: {=INDEX(Data!C1:D5,3,2)} -> 30
A9: =MATCH("cherry",Data!C1:C5,0) | B9: {=MATCH("cherry",Data!C1:C5,0)} -> 3
A10: =MATCH(6,Data!E1:E5) | B10: {=MATCH(6,Data!E1:E5)} -> 3
A11: =MATCH("b*",Data!C1:C5,0) | B11: {=MATCH("b*",Data!C1:C5,0)} -> 2
A12: =XLOOKUP("apple",Data!C1:C5,Data!D1:D5) | B12: {=_xlfn.XLOOKUP("apple",Data!C1:C5,Data!D1:D5)} -> 10
A13: =XLOOKUP("apple",Data!C1:C5,Data!D1:D5,,0,-1) | B13: {=_xlfn.XLOOKUP("apple",Data!C1:C5,Data!D1:D5,,0,-1)} -> 40
A14: =XLOOKUP(6,Data!E1:E5,Data!F1:F5,"none",1) | B14: {=_xlfn.XLOOKUP(6,Data!E1:E5,Data!F1:F5,"none",1)} -> seven
A15: =XLOOKUP("zzz",Data!C1:C5,Data!D1:D5,"none") | B15: {=_xlfn.XLOOKUP("zzz",Data!C1:C5,Data!D1:D5,"none")} -> none
A16: =XMATCH(7,Data!E1:E5) | B16: {=_xlfn.XMATCH(7,Data!E1:E5)} -> 4
A17: =CHOOSE(2,"a","b","c") | B17: {=CHOOSE(2,"a","b","c")} -> b
A18: =ROWS(Data!A1:C7) | B18: {=ROWS(Data!A1:C7)} -> 7
A19: =COLUMNS(Data!A1:C7) | B19: {=COLUMNS(Data!A1:C7)} -> 3
A20: =ROW(Data!C3) | B20: {=ROW(Data!C3)} -> 3
A21: =COLUMN(Data!C3) | B21: {=COLUMN(Data!C3)} -> 3
A22: =ADDRESS(3,28) | B22: {=ADDRESS(3,28)} -> $AB$3
A23: =ADDRESS(3,28,4) | B23: {=ADDRESS(3,28,4)} -> AB3
A24: =INDIRECT("Data!A3") | B24: {=INDIRECT("Data!A3")} -> 3
A25: =OFFSET(Data!A1,2,0) | B25: {=OFFSET(Data!A1,2,0)} -> 3
A26: =SUM(OFFSET(Data!A1,0,0,3,1)) | B26: {=SUM(OFFSET(Data!A1,0,0,3,1))} -> 6
A27: =LOOKUP(6,Data!E1:E5,Data!F1:F5) | B27: {=LOOKUP(6,Data!E1:E5,Data!F1:F5)} -> five

Sheet Data
A1: 1 | B1: 5 | C1: apple | D1: 10 | E1: 1 | F1: one | G1: 59 | H1: 2.5
A2: 2 | B2: abc | C2: Banana | D2: 20 | E2: 3 | F2: three | G2: 61 | H2: 3.1
A3: 3 | B3: TRUE | C3: cherry | D3: 30 | E3: 5 | F3: five | G3: 45351 | H3: 4.7
A4: 4 | C4: apple | D4: 40 | E4: 7 | F4: seven | G4: 45657 | H4: 1.2
A5: 5 | B5: =NA() -> #N/A | C5: date | D5: 50 | E5: 9 | F5: nine | H5: 9.9
A6: 6 | B6: 45000 | H6: 3.3
A7: 7 | B7: 12 | H7: 7.4
A8: 8 | B8: 0 | H8: 5.5
A9: 9 | B9: -3.5
A10: 10 | B10: =""
