Workbook

Sheet Cases
A1: formula | B1: result
A2: =AVERAGE(Data!B1:B10) | B2: {=AVERAGE(Data!B1:B10)} -> #N/A
A3: =AVERAGEA(Data!B1:B3) | B3: {=AVERAGEA(Data!B1:B3)} -> 2
A4: =AVERAGE(Data!B4) | B4: {=AVERAGE(Data!B4)} -> #DIV/0!
A5: =COUNT(Data!B1:B10) | B5: {=COUNT(Data!B1:B10)} -> 4
A6: =COUNTA(Data!B1:B10) | B6: {=COUNTA(Data!B1:B10)} -> 9
A7: =COUNTBLANK(Data!B1:B10) | B7: {=COUNTBLANK(Data!B1:B10)} -> 2
A8: =MAX(Data!H1:H8) | B8: {=MAX(Data!H1:H8)} -> 9.9
A9: =MIN(Data!B1:B10) | B9: {=MIN(Data!B1:B10)} -> #N/A
A10: =MEDIAN(Data!H1:H8) | B10: {=MEDIAN(Data!H1:H8)} -> 4
A11: =MODE.SNGL(1,2,2,3) | B11: {=_xlfn.MODE.SNGL(1,2,2,3)} -> 2
A12: =STDEV.S(Data!H1:H8) | B12: {=_xlfn.STDEV.S(Data!H1:H8)} -> 2.8430366
A13: =STDEV.P(Data!H1:H8) | B13: {=_xlfn.STDEV.P(Data!H1:H8)} -> 2.6594172
A14: =VAR.S(Data!H1:H8) | B14: {=_xlfn.VAR.S(Data!H1:H8)} -> 8.0828571
A15: =LARGE(Data!H1:H8,2) | B15: {=LARGE(Data!H1:H8,2)} -> 7.4
A16: =SMALL(Data!H1:H8,9) | B16: {=SMALL(Data!H1:H8,9)} -> #NUM!
A17: =RANK.EQ(4.7,Data!H1:H8) | B17: {=_xlfn.RANK.EQ(4.7,Data!H1:H8)} -> 4
A18: =RANK.AVG(4.7,Data!H1:H8,1) | B18: {=_xlfn.RANK.AVG(4.7,Data!H1:H8,1)} -> 5
A19: =PERCENTILE.INC(Data!H1:H8,0.3) | B19: {=_xlfn.PERCENTILE.INC(Data!H1:H8,0.3)} -> 3.12
A20: =PERCENTILE.EXC(Data!H1:H8,0.3) | B20: {=_xlfn.PERCENTILE.EXC(Data!H1:H8,0.3)} -> 2.92
A21: =QUARTILE.INC(Data!H1:H8,1) | B21: {=_xlfn.QUARTILE.INC(Data!H1:H8,1)} -> 2.95
A22: =CORREL(Data!A1:A8,Data!H1:H8) | B22: {=CORREL(Data!A1:A8,Data!H1:H8)} -> 0.48207182
A23: =SLOPE(Data!H1:H8,Data!A1:A8) | B23: {=SLOPE(Data!H1:H8,Data!A1:A8)} -> 0.55952381
A24: =FORECAST.LINEAR(9,Data!H1:H8,Data!A1:A8) | B24: {=_xlfn.FORECAST.LINEAR(9,Data!H1:H8,Data!A1:A8)} -> 7.2178571
A25: =NORM.DIST(1,0,1,TRUE) | B25: {=_xlfn.NORM.DIST(1,0,1,TRUE)} -> 0.84134475
A26: =NORM.S.INV(0.975) | B26: {=_xlfn.NORM.S.INV(0.975)} -> 1.959964
A27: =T.INV.2T(0.05,10) | B27: {=_xlfn.T.INV.2T(0.05,10)} -> 2.2281389
A28: =T.DIST(1.5,10,TRUE) | B28: {=_xlfn.T.DIST(1.5,10,TRUE)} -> 0.91774634
A29: =CHISQ.DIST.RT(3.84,1) | B29: {=_xlfn.CHISQ.DIST.RT(3.84,1)} -> 0.050043521
A30: =F.DIST(2,3,4,TRUE) | B30: {=_xlfn.F.DIST(2,3,4,TRUE)} -> 0.7436128
A31: =BINOM.DIST(3,10,0.5,FALSE) | B31: {=_xlfn.BINOM.DIST(3,10,0.5,FALSE)} -> 0.1171875
A32: =POISSON.DIST(2,3,TRUE) | B32: {=_xlfn.POISSON.DIST(2,3,TRUE)} -> 0.42319008
A33: =GAMMA.DIST(2,3,1,TRUE) | B33: {=_xlfn.GAMMA.DIST(2,3,1,TRUE)} -> 0.32332358
A34: =BETA.INV(0.5,2,3) | B34: {=_xlfn.BETA.INV(0.5,2,3)} -> 0.38572757
A35: =GAMMALN(10) | B35: {=GAMMALN(10)} -> 12.801827
A36: =GEOMEAN(Data!H1:H8) | B36: {=GEOMEAN(Data!H1:H8)} -> 3.9404021

Sheet Data
A1: 1 | B1: 5 | C1: apple | D1: 10 | E1: 1 | F1: one | G1: 59 | H1: 2.5
A2: 2 | B2: abc | C2: Banana | D2: 20 | E2: 3 | F2: three | G2: 61 | H2: 3.1
A3: 3 | B3: TRUE | C3: cherry | D3: 30 | E3: 5 | F3: five | G3: 45351 | H3: 4.7
A4: 4 | C4: apple | D4: 40 | E4: 7 | F4: seven | G4: 45657 | H4: 1.2
A5: 5 | B5: =NA() -> #N/A | C5: date | D5: 50 | E5: 9 | F5: nine | H5: 9.9
A6: 6 | B6: 45000 | H6: 3.3
A7: 7 | B7: 12 | H7: 7.4
A8: 8 | B8: 0 | H8: 5.5
A9: 9 | B9: -3.5
A10: 10 | B10: =""
